page_path,page_url,page_title,total_keywords,best_position,average_position,keywords_list
Homepage,https://www.visiting-angels.co.uk/,Visiting Angels: Home Care Services | Elderly and Respite Care,3,33,38.7,elderly care (#33); home health care (#41); senior care (#42)
berkshire/blog/domiciliary-care-services-everything-you-need-to-know-about,https://www.visiting-angels.co.uk/berkshire/blog/domiciliary-care-services-everything-you-need-to-know-about/,Domiciliary Care Services: Everything you need to know about,1,98,98.0,domiciliary care (#98)
westlondon/dementia-care-at-home,https://www.visiting-angels.co.uk/westlondon/dementia-care-at-home/,Dementia Care At Home - Visiting Angels - West London,1,71,71.0,dementia care (#71)
westlondon,https://www.visiting-angels.co.uk/westlondon/,Home Care Service in West London - Visiting Angels,1,17,17.0,home care london (#17)
southeastlondon,https://www.visiting-angels.co.uk/southeastlondon/,Elderly Home Care in South East London - Visiting Angels,1,25,25.0,home care london (#25)
manchestereast,https://www.visiting-angels.co.uk/manchestereast/,Home Care in Manchester East - Visiting Angels,1,19,19.0,elderly care manchester (#19)
manchestersouth/elderly-care-home-services,https://www.visiting-angels.co.uk/manchestersouth/elderly-care-home-services/,Elderly Care Home Services - South Manchester,1,52,52.0,elderly care manchester (#52)
renfrewshire,https://www.visiting-angels.co.uk/renfrewshire/,Home - Visiting Angels - Renfrewshire,1,82,82.0,care services glasgow (#82)
edinburgheast,https://www.visiting-angels.co.uk/edinburgheast/,Home - Visiting Angels - Edinburgh East,1,7,7.0,home care edinburgh (#7)
