keyword,position,url,title,snippet,search_volume,difficulty,date,google_domain,country,language,device
Home Care Services in Cheadle,8,https://www.visiting-angels.co.uk/manchestersouth/homecare-in-cheadle/,Home care in Cheadle - Visiting Angels,Comprehensive Home Care Services in Cheadle ; Bathing and showering; Dressing and grooming; Continence care; Mobility assistance ; Engaging ...,,,2025-06-11T15:55:09.467366,google.co.uk,GB,en,desktop
Home Care Services in Cheadle,26,https://www.visiting-angels.co.uk/manchestersouth/,HomeCare Service Manchester South | Visiting Angels,"Your Trusted Choice for Homecare in Manchester South. Covering Cheadle, Bramhall, Stockport, Wythenshawe, Didsbury, Chorlton cum Hardy ...",,,2025-06-11T15:55:09.467366,google.co.uk,GB,en,desktop
Elderly Care in Cheadle,14,https://www.visiting-angels.co.uk/manchestersouth/elderly-care-cheadle-hulme/,"Elderly Care Cheadle Hulme, Elderly Care Service Agency ...","Our home care services in Cheadle Hulme include personal care assistance, companionship, household support, medication management, and mobility ...",,,2025-06-11T15:55:10.698010,google.co.uk,GB,en,desktop
Elderly Care in Cheadle,36,https://www.visiting-angels.co.uk/manchestersouth/homecare-in-cheadle/,Home care in Cheadle - Visiting Angels,"At Visiting Angels, our dedicated home care services are built around kindness, dignity, and a deep understanding of each individual's needs. We ...",,,2025-06-11T15:55:10.698010,google.co.uk,GB,en,desktop
Respite Care in Cheadle,81,https://www.visiting-angels.co.uk/manchestersouth/,HomeCare Service Manchester South | Visiting Angels,"Covering Cheadle, Bramhall, Stockport, Wythenshawe, Didsbury, Chorlton ... home care, homecare, medication, respite, senior care, seniorcare|. While you ...",,,2025-06-11T15:55:12.285692,google.co.uk,GB,en,desktop
Caregiver Support in Cheadle,4,https://www.visiting-angels.co.uk/manchestersouth/homecare-in-cheadle/,Home care in Cheadle - Visiting Angels,Comprehensive Home Care Services in Cheadle ; Bathing and showering; Dressing and grooming; Continence care; Mobility assistance ; Engaging ...,,,2025-06-11T15:55:13.360157,google.co.uk,GB,en,desktop
Caregiver Support in Cheadle,31,https://www.visiting-angels.co.uk/manchestersouth/elderly-care-home-services/,Elderly Care Home Services - South Manchester,"Specialist Care: Our trained caregivers assist with medication, care planning, post-operative recovery, palliative care, and 24-hour live-in ...",,,2025-06-11T15:55:13.360157,google.co.uk,GB,en,desktop
Senior Independence Care in Cheadle,1,https://www.visiting-angels.co.uk/manchestersouth/elderly-care-cheadle-hulme/,"Elderly Care Cheadle Hulme, Elderly Care Service Agency ...","Our home care services in Cheadle Hulme include personal care assistance, companionship, household support, medication management, and mobility ...",,,2025-06-11T15:55:14.809336,google.co.uk,GB,en,desktop
Senior Independence Care in Cheadle,17,https://www.visiting-angels.co.uk/manchestersouth/homecare-in-cheadle/,Home care in Cheadle - Visiting Angels,Comprehensive Home Care Services in Cheadle ; Bathing and showering; Dressing and grooming; Continence care; Mobility assistance ; Engaging ...,,,2025-06-11T15:55:14.809336,google.co.uk,GB,en,desktop
Personal Care Assistant in Cheadle,,,,,,,2025-06-11T15:55:16.273549,google.co.uk,GB,en,desktop
Elderly Home Care in Cheadle,8,https://www.visiting-angels.co.uk/manchestersouth/elderly-care-cheadle-hulme/,"Elderly Care Cheadle Hulme, Elderly Care Service Agency ...","Our home care services in Cheadle Hulme include personal care assistance, companionship, household support, medication management, and mobility ...",,,2025-06-11T15:55:18.546806,google.co.uk,GB,en,desktop
Elderly Home Care in Cheadle,41,https://www.visiting-angels.co.uk/manchestersouth/homecare-in-cheadle/,Home care in Cheadle - Visiting Angels,"When it comes to caring for a loved one in home care Cheadle, nothing truly compares to the comfort and reassurance of being at home.",,,2025-06-11T15:55:18.546806,google.co.uk,GB,en,desktop
Dementia Care in Cheadle,47,https://www.visiting-angels.co.uk/manchestersouth/homecare-in-cheadle/,Home care in Cheadle - Visiting Angels,More and more families in Cheadle are discovering that home care can be a beautiful alternative to residential facilities. It's not just ...,,,2025-06-11T15:55:20.073230,google.co.uk,GB,en,desktop
Sheltered Housing in Cheadle,,,,,,,2025-06-11T15:55:23.163942,google.co.uk,GB,en,desktop
Assisted Living in Cheadle,80,https://www.visiting-angels.co.uk/manchestersouth/homecare-in-cheadle/,Home care in Cheadle - Visiting Angels,... residential facilities. It's not just ... Our in-home care services in Cheadle cover a wide range of needs to support independent living: ...,,,2025-06-11T15:55:25.866650,google.co.uk,GB,en,desktop
Quality Senior Care in Cheadle,34,https://www.visiting-angels.co.uk/manchestersouth/homecare-in-cheadle/,Home care in Cheadle - Visiting Angels,"At Visiting Angels, our dedicated home care services are built around kindness, dignity, and a deep understanding of each individual's needs.",,,2025-06-11T15:55:27.756344,google.co.uk,GB,en,desktop
Quality Senior Care in Cheadle,62,https://www.visiting-angels.co.uk/manchestersouth/elderly-care-home-services/,Elderly Care Home Services - South Manchester,Companion Care Services for the Elderly Compassionate Elderly Care at Home Personalized Care Plans with Dedicated Support.,,,2025-06-11T15:55:27.756344,google.co.uk,GB,en,desktop
Home Care Consultation in Cheadle,5,https://www.visiting-angels.co.uk/manchestersouth/homecare-in-cheadle/,Home care in Cheadle - Visiting Angels,"At Visiting Angels, our dedicated home care services are built around kindness, dignity, and a deep understanding of each individual's needs.",,,2025-06-11T15:55:28.802388,google.co.uk,GB,en,desktop
Home Care Consultation in Cheadle,13,https://www.visiting-angels.co.uk/manchestersouth/,HomeCare Service Manchester South | Visiting Angels,"Covering Cheadle, Bramhall, Stockport, Wythenshawe, Didsbury, Chorlton cum Hardy and Gatley. ... Everyone deserves the comfort of home care from someone they can ...",,,2025-06-11T15:55:28.802388,google.co.uk,GB,en,desktop
Trusted Home Care Provider in Cheadle,3,https://www.visiting-angels.co.uk/manchestersouth/homecare-in-cheadle/,Home care in Cheadle - Visiting Angels,"At Visiting Angels, our dedicated home care services are built around kindness, dignity, and a deep understanding of each individual's needs.",,,2025-06-11T15:55:29.785382,google.co.uk,GB,en,desktop
Alzheimer's Care in Cheadle,,,,,,,2025-06-11T15:55:30.844359,google.co.uk,GB,en,desktop
Compassionate Caregivers in Cheadle,6,https://www.visiting-angels.co.uk/manchestersouth/homecare-in-cheadle/,Home care in Cheadle - Visiting Angels,"At Visiting Angels, our dedicated home care services are built around kindness, dignity, and a deep understanding of each individual's needs.",,,2025-06-11T15:55:32.261433,google.co.uk,GB,en,desktop
Compassionate Caregivers in Cheadle,17,https://www.visiting-angels.co.uk/manchestersouth/,HomeCare Service Manchester South | Visiting Angels,"Covering Cheadle, Bramhall, Stockport ... When comfort and quality of life matter most, our palliative care team steps in with compassionate support.",,,2025-06-11T15:55:32.261433,google.co.uk,GB,en,desktop
Elderly Companionship in Cheadle,4,https://www.visiting-angels.co.uk/manchestersouth/homecare-in-cheadle/,Home care in Cheadle - Visiting Angels,Companion Care. Loneliness can be as harmful as physical ailments. Our elderly care in Cheadle includes meaningful companionship: Engaging ...,,,2025-06-11T15:55:34.047715,google.co.uk,GB,en,desktop
Elderly Companionship in Cheadle,8,https://www.visiting-angels.co.uk/manchestersouth/elderly-care-cheadle-hulme/,"Elderly Care Cheadle Hulme, Elderly Care Service Agency ...","Our home care services in Cheadle Hulme include personal care assistance, companionship, household support, medication management, and mobility ...",,,2025-06-11T15:55:34.047715,google.co.uk,GB,en,desktop
End-of-life Care in Cheadle,29,https://www.visiting-angels.co.uk/manchestersouth/,HomeCare Service Manchester South | Visiting Angels,"Covering Cheadle, Bramhall, Stockport ... When comfort and quality of life matter most, our palliative care team steps in with compassionate support.",,,2025-06-11T15:55:38.845863,google.co.uk,GB,en,desktop
Fall Prevention Care in Cheadle,7,https://www.visiting-angels.co.uk/manchestersouth/elderly-care-cheadle-hulme/,"Elderly Care Cheadle Hulme, Elderly Care Service Agency ...",Help with dressing and grooming; Toilet support and continence care; Mobility assistance and fall prevention; Medication reminders and ...,,,2025-06-11T15:55:39.859793,google.co.uk,GB,en,desktop
Mobility Support Care in Cheadle,5,https://www.visiting-angels.co.uk/manchestersouth/homecare-in-cheadle/,Home care in Cheadle - Visiting Angels,Our compassionate carers help with: Bathing and showering; Dressing and grooming; Continence care; Mobility assistance. Companion Care.,,,2025-06-11T15:55:41.376771,google.co.uk,GB,en,desktop
Mobility Support Care in Cheadle,14,https://www.visiting-angels.co.uk/manchestersouth/elderly-care-cheadle-hulme/,"Elderly Care Cheadle Hulme, Elderly Care Service Agency ...","Our home care services in Cheadle Hulme include personal care assistance, companionship, household support, medication management, and mobility ...",,,2025-06-11T15:55:41.376771,google.co.uk,GB,en,desktop
Home Care Services Stockport,25,https://www.visiting-angels.co.uk/manchestersouth/homecare-in-stockport/,"Home Care Stockport, Homecare Service Stockport","CQC-registered home care services in Stockport. Expert personal care, dementia support, respite & live-in options. Reliable home help.",,,2025-06-11T15:55:43.424110,google.co.uk,GB,en,desktop
Home Care Services Stockport,66,https://www.visiting-angels.co.uk/manchestersouth/elderly-care-stockport/,"Elderly Care Stockport, Elderly Care Service Agency Stockport","Our Stockport home care services include personal care, companionship, meal preparation, medication reminders, and help with daily tasks. We ...",,,2025-06-11T15:55:43.424110,google.co.uk,GB,en,desktop
Elderly Care Stockport,17,https://www.visiting-angels.co.uk/manchestersouth/elderly-care-stockport/,"Elderly Care Stockport, Elderly Care Service Agency Stockport","Our Stockport home care services include personal care, companionship, meal preparation, medication reminders, and help with daily tasks. We ...",,,2025-06-11T15:55:44.948277,google.co.uk,GB,en,desktop
Elderly Care Stockport,60,https://www.visiting-angels.co.uk/manchestersouth/homecare-in-stockport/,"Home Care Stockport, Homecare Service Stockport",Memory and cognitive support are key parts of our personalized elderly care plans Stockport for those with dementia. This specialist care is central to our ...,,,2025-06-11T15:55:44.948277,google.co.uk,GB,en,desktop
Respite Care Stockport,,,,,,,2025-06-11T15:55:46.172989,google.co.uk,GB,en,desktop
Caregiver Support Stockport,14,https://www.visiting-angels.co.uk/manchestersouth/homecare-in-stockport/,"Home Care Stockport, Homecare Service Stockport","CQC-registered home care services in Stockport. Expert personal care, dementia support, respite & live-in options. Reliable home help.",,,2025-06-11T15:55:50.045527,google.co.uk,GB,en,desktop
Caregiver Support Stockport,65,https://www.visiting-angels.co.uk/manchestersouth/live-in-care-stockport/,Live-in Care Services in Stockport - Visiting Angels,"Visiting Angels assess your needs, match you with a carer, and offer flexible services, from short-term respite care to long-term support, ...",,,2025-06-11T15:55:50.045527,google.co.uk,GB,en,desktop
Senior Independent Care Stockport,8,https://www.visiting-angels.co.uk/manchestersouth/elderly-care-stockport/,"Elderly Care Stockport, Elderly Care Service Agency Stockport",We provide reliable elderly care services in Stockport that help older adults live independently in their own homes. Our CQC registered care ...,,,2025-06-11T15:55:51.401700,google.co.uk,GB,en,desktop
Personal Care Assistant Stockport,,,,,,,2025-06-11T15:55:52.972894,google.co.uk,GB,en,desktop
Elderly Home Care Stockport,25,https://www.visiting-angels.co.uk/manchestersouth/elderly-care-stockport/,"Elderly Care Stockport, Elderly Care Service Agency Stockport","Our Stockport home care services include personal care, companionship, meal preparation, medication reminders, and help with daily tasks. We ...",,,2025-06-11T15:55:54.135833,google.co.uk,GB,en,desktop
Elderly Home Care Stockport,44,https://www.visiting-angels.co.uk/manchestersouth/homecare-in-stockport/,"Home Care Stockport, Homecare Service Stockport",Memory and cognitive support are key parts of our personalized elderly care plans Stockport for those with dementia. This specialist care is central to our ...,,,2025-06-11T15:55:54.135833,google.co.uk,GB,en,desktop
Dementia Care Stockport,68,https://www.visiting-angels.co.uk/manchestersouth/homecare-in-stockport/,"Home Care Stockport, Homecare Service Stockport",Daily Living: Domiciliary and Personal Hygiene Help · Specialist Dementia Care Stockport Services · Companionship and Befriending Services · Personal Assistance: ...,,,2025-06-11T15:55:55.369856,google.co.uk,GB,en,desktop
Sheltered Housing Stockport,,,,,,,2025-06-11T15:55:56.767643,google.co.uk,GB,en,desktop
Assisted Living Stockport,,,,,,,2025-06-11T15:56:01.782312,google.co.uk,GB,en,desktop
Quality Senior Care Stockport,3,https://www.visiting-angels.co.uk/manchestersouth/elderly-care-stockport/,"Elderly Care Stockport, Elderly Care Service Agency Stockport",Our elderly care services in Stockport stand out for several important reasons: CQC Registered Provider: We meet all Care Quality Commission ...,,,2025-06-11T15:56:03.148352,google.co.uk,GB,en,desktop
Quality Senior Care Stockport,32,https://www.visiting-angels.co.uk/manchestersouth/homecare-in-stockport/,"Home Care Stockport, Homecare Service Stockport","CQC-registered home care services in Stockport. Expert personal care, dementia support, respite & live-in options. Reliable home help.",,,2025-06-11T15:56:03.148352,google.co.uk,GB,en,desktop
Home Care Consultation Stockport,20,https://www.visiting-angels.co.uk/manchestersouth/live-in-care-stockport/,Live-in Care Services in Stockport - Visiting Angels,Call 0161 612 9308 or visit visitingangels.co.uk Manchester for a free consultation in Stockport. Contact Us.,,,2025-06-11T15:56:04.599282,google.co.uk,GB,en,desktop
Home Care Consultation Stockport,31,https://www.visiting-angels.co.uk/manchestersouth/homecare-in-stockport/,"Home Care Stockport, Homecare Service Stockport","CQC-registered home care services in Stockport. Expert personal care, dementia support, respite & live-in options. Reliable home help.",,,2025-06-11T15:56:04.599282,google.co.uk,GB,en,desktop
Trusted Home Care Provider Stockport,31,https://www.visiting-angels.co.uk/manchestersouth/,HomeCare Service Manchester South | Visiting Angels,"Your Trusted Choice for Homecare in Manchester South. Covering Cheadle, Bramhall, Stockport, Wythenshawe, Didsbury, Chorlton cum Hardy ...",,,2025-06-11T15:56:05.790249,google.co.uk,GB,en,desktop
Trusted Home Care Provider Stockport,81,https://www.visiting-angels.co.uk/manchestersouth/home-care-edgeley/,Professional Home Care Edgeley | Trusted Local Service,Visiting Angels delivers superior home care services in Edgeley. Our team provides dedicated support for seniors and adults who need assistance.,,,2025-06-11T15:56:05.790249,google.co.uk,GB,en,desktop
Alzheimer's Care Stockport,27,https://www.visiting-angels.co.uk/manchestersouth/homecare-in-stockport/,"Home Care Stockport, Homecare Service Stockport",We support families alongside groups like Alzheimer's Society Stockport. Memory and cognitive support are key parts of our personalized elderly care plans ...,,,2025-06-11T15:56:07.165945,google.co.uk,GB,en,desktop
Compassionate Caregivers Stockport,8,https://www.visiting-angels.co.uk/manchestersouth/live-in-care-stockport/,Live-in Care Services in Stockport - Visiting Angels,"We offer personal care, medication management, meal preparation, and specialist care for dementia, all tailored to Stockport's community needs, ...",,,2025-06-11T15:56:09.253453,google.co.uk,GB,en,desktop
Compassionate Caregivers Stockport,53,https://www.visiting-angels.co.uk/manchestersouth/,HomeCare Service Manchester South | Visiting Angels,"Your Next Door Homecare Experts. Experience the convenience of compassionate homecare right in your neighbourhood, offering the best care for your loved ones.",,,2025-06-11T15:56:09.253453,google.co.uk,GB,en,desktop
Elderly Companionship Stockport,9,https://www.visiting-angels.co.uk/manchestersouth/elderly-care-stockport/,"Elderly Care Stockport, Elderly Care Service Agency Stockport","Our Stockport home care services include personal care, companionship, meal preparation, medication reminders, and help with daily tasks. We ...",,,2025-06-11T15:56:10.858753,google.co.uk,GB,en,desktop
Elderly Companionship Stockport,40,https://www.visiting-angels.co.uk/manchestersouth/homecare-in-stockport/,"Home Care Stockport, Homecare Service Stockport","CQC-registered home care services in Stockport. Expert personal care, dementia support, respite & live-in options. Reliable home help.",,,2025-06-11T15:56:10.858753,google.co.uk,GB,en,desktop
End-of-life Care Stockport,48,https://www.visiting-angels.co.uk/manchestersouth/homecare-in-stockport/,"Home Care Stockport, Homecare Service Stockport",Our palliative care is a vital healthcare service within our home care services Stockport. Quality healthcare matters. This care offers comfort. Supporting ...,,,2025-06-11T15:56:12.409939,google.co.uk,GB,en,desktop
Fall Prevention Care Stockport,15,https://www.visiting-angels.co.uk/manchestersouth/elderly-care-stockport/,"Elderly Care Stockport, Elderly Care Service Agency Stockport",Toilet and continence care; Mobility support and fall prevention; Medication management and reminders; Skin care and pressure sore prevention.,,,2025-06-11T15:56:13.698157,google.co.uk,GB,en,desktop
Mobility Support Care Stockport,52,https://www.visiting-angels.co.uk/manchestersouth/elderly-care-stockport/,"Elderly Care Stockport, Elderly Care Service Agency Stockport",We provide reliable elderly care services in Stockport that help older adults live independently in their own homes. Our CQC registered care ...,,,2025-06-11T15:56:15.262264,google.co.uk,GB,en,desktop
Home Care Services in Cheadle hulme,6,https://www.visiting-angels.co.uk/manchestersouth/homecare-in-cheadle/,Home care in Cheadle - Visiting Angels,Comprehensive Home Care Services in Cheadle ; Bathing and showering; Dressing and grooming; Continence care; Mobility assistance ; Engaging ...,,,2025-06-11T15:56:16.966597,google.co.uk,GB,en,desktop
Home Care Services in Cheadle hulme,18,https://www.visiting-angels.co.uk/manchestersouth/elderly-care-cheadle-hulme/,"Elderly Care Cheadle Hulme, Elderly Care Service Agency ...","Our home care services in Cheadle Hulme include personal care assistance, companionship, household support, medication management, and mobility ...",,,2025-06-11T15:56:16.966597,google.co.uk,GB,en,desktop
Elderly Care in Cheadle hulme,11,https://www.visiting-angels.co.uk/manchestersouth/elderly-care-cheadle-hulme/,"Elderly Care Cheadle Hulme, Elderly Care Service Agency ...","Our home care services in Cheadle Hulme include personal care assistance, companionship, household support, medication management, and mobility ...",,,2025-06-11T15:56:18.563620,google.co.uk,GB,en,desktop
Elderly Care in Cheadle hulme,21,https://www.visiting-angels.co.uk/manchestersouth/homecare-in-cheadle/,Home care in Cheadle - Visiting Angels,"At Visiting Angels, our dedicated home care services are built around kindness, dignity, and a deep understanding of each individual's needs.",,,2025-06-11T15:56:18.563620,google.co.uk,GB,en,desktop
Respite Care in Cheadle hulme,42,https://www.visiting-angels.co.uk/manchestersouth/homecare-in-cheadle/,Home care in Cheadle - Visiting Angels,More and more families in Cheadle are discovering that home care can be a beautiful alternative to residential facilities. It's not just about ...,,,2025-06-11T15:56:21.919990,google.co.uk,GB,en,desktop
Caregiver Support in Cheadle hulme,9,https://www.visiting-angels.co.uk/manchestersouth/elderly-care-cheadle-hulme/,"Elderly Care Cheadle Hulme, Elderly Care Service Agency ...","Our home care services in Cheadle Hulme include personal care assistance, companionship, household support, medication management, and mobility ...",,,2025-06-11T15:56:23.263710,google.co.uk,GB,en,desktop
Caregiver Support in Cheadle hulme,11,https://www.visiting-angels.co.uk/manchestersouth/homecare-in-cheadle/,Home care in Cheadle - Visiting Angels,"At Visiting Angels, our dedicated home care services are built around kindness, dignity, and a deep understanding of each individual's needs.",,,2025-06-11T15:56:23.263710,google.co.uk,GB,en,desktop
Senior Independence Care in Cheadle hulme,20,https://www.visiting-angels.co.uk/manchestersouth/elderly-care-heald-green/,Professional Elderly Care Services in Heald Green,Croftfield Road; Neighboring parts of Cheadle Hulme and Gatley. We help seniors throughout these communities with reliable home care services.,,,2025-06-11T15:56:26.488725,google.co.uk,GB,en,desktop
Personal Care Assistant in Cheadle hulme,,,,,,,2025-06-11T15:56:32.026746,google.co.uk,GB,en,desktop
Elderly Home Care in Cheadle hulme,5,https://www.visiting-angels.co.uk/manchestersouth/elderly-care-cheadle-hulme/,"Elderly Care Cheadle Hulme, Elderly Care Service Agency ...","Our home care services in Cheadle Hulme include personal care assistance, companionship, household support, medication management, and mobility ...",,,2025-06-11T15:56:33.671172,google.co.uk,GB,en,desktop
Elderly Home Care in Cheadle hulme,35,https://www.visiting-angels.co.uk/manchestersouth/homecare-in-cheadle/,Home care in Cheadle - Visiting Angels,More and more families in Cheadle are discovering that home care can be a beautiful alternative to residential facilities. It's not just about ...,,,2025-06-11T15:56:33.671172,google.co.uk,GB,en,desktop
Dementia Care in Cheadle hulme,66,https://www.visiting-angels.co.uk/manchestersouth/homecare-in-cheadle/,Home care in Cheadle - Visiting Angels,More and more families in Cheadle are discovering that home care can be a beautiful alternative to residential facilities. It's not just about ...,,,2025-06-11T15:56:35.049988,google.co.uk,GB,en,desktop
Sheltered Housing in Cheadle hulme,,,,,,,2025-06-11T15:56:39.377386,google.co.uk,GB,en,desktop
Assisted Living in Cheadle hulme,67,https://www.visiting-angels.co.uk/manchestersouth/homecare-in-cheadle/,Home care in Cheadle - Visiting Angels,"Our in-home care services in Cheadle cover a wide range of needs to support independent living: ... SK8 – Cheadle, Cheadle Hulme, Gatley ...",,,2025-06-11T15:56:41.035898,google.co.uk,GB,en,desktop
Quality Senior Care in Cheadle hulme,2,https://www.visiting-angels.co.uk/manchestersouth/elderly-care-cheadle-hulme/,"Elderly Care Cheadle Hulme, Elderly Care Service Agency ...",We provide top-quality elderly care services in Cheadle Hulme that help older adults maintain independence in their own homes. Our CQC ...,,,2025-06-11T15:56:42.418634,google.co.uk,GB,en,desktop
Quality Senior Care in Cheadle hulme,45,https://www.visiting-angels.co.uk/manchestersouth/elderly-care-handforth/,"Elderly Care Handforth, Elderly Care Service Agency Handforth",We deliver reliable elderly care services in Handforth that help older adults maintain independence in their own homes. Our CQC registered care ...,,,2025-06-11T15:56:42.418634,google.co.uk,GB,en,desktop
Home Care Consultation in Cheadle hulme,,,,,,,2025-06-11T15:56:43.674347,google.co.uk,GB,en,desktop
Trusted Home Care Provider in Cheadle hulme,7,https://www.visiting-angels.co.uk/manchestersouth/homecare-in-cheadle/,Home care in Cheadle - Visiting Angels,"At Visiting Angels, our dedicated home care services are built around kindness, dignity, and a deep understanding of each individual's needs.",,,2025-06-11T15:56:44.676742,google.co.uk,GB,en,desktop
Alzheimer's Care in Cheadle hulme,45,https://www.visiting-angels.co.uk/manchestersouth/homecare-in-cheadle/,Home care in Cheadle - Visiting Angels,More and more families in Cheadle are discovering that home care can be a beautiful alternative to residential facilities. It's not just about ...,,,2025-06-11T15:56:46.201897,google.co.uk,GB,en,desktop
Compassionate Caregivers in Cheadle hulme,12,https://www.visiting-angels.co.uk/manchestersouth/elderly-care-cheadle-hulme/,"Elderly Care Cheadle Hulme, Elderly Care Service Agency ...","Our home care services in Cheadle Hulme include personal care assistance, companionship, household support, medication management, and mobility ...",,,2025-06-11T15:56:47.954315,google.co.uk,GB,en,desktop
Compassionate Caregivers in Cheadle hulme,47,https://www.visiting-angels.co.uk/manchestersouth/homecare-in-cheadle/,Home care in Cheadle - Visiting Angels,"Our compassionate carers help with: Bathing and ... Cheadle Hulme, our carers can provide exceptional support right where it's needed most.",,,2025-06-11T15:56:47.954315,google.co.uk,GB,en,desktop
Elderly Companionship in Cheadle hulme,3,https://www.visiting-angels.co.uk/manchestersouth/elderly-care-cheadle-hulme/,"Elderly Care Cheadle Hulme, Elderly Care Service Agency ...","Our home care services in Cheadle Hulme include personal care assistance, companionship, household support, medication management, and mobility ...",,,2025-06-11T15:56:49.233794,google.co.uk,GB,en,desktop
Elderly Companionship in Cheadle hulme,16,https://www.visiting-angels.co.uk/manchestersouth/homecare-in-cheadle/,Home care in Cheadle - Visiting Angels,"At Visiting Angels, our dedicated home care services are built around kindness, dignity, and a deep understanding of each individual's needs.",,,2025-06-11T15:56:49.233794,google.co.uk,GB,en,desktop
End-of-life Care in Cheadle hulme,,,,,,,2025-06-11T15:56:51.533597,google.co.uk,GB,en,desktop
Fall Prevention Care in Cheadle hulme,3,https://www.visiting-angels.co.uk/manchestersouth/elderly-care-cheadle-hulme/,"Elderly Care Cheadle Hulme, Elderly Care Service Agency ...",Mobility assistance and fall prevention; Medication reminders and monitoring; Skin care and health observations. Our Cheadle Hulme carers ...,,,2025-06-11T15:56:52.987810,google.co.uk,GB,en,desktop
Mobility Support Care in Cheadle hulme,13,https://www.visiting-angels.co.uk/manchestersouth/elderly-care-bramhall/,"Elderly Care Bramhall, Elderly Care Service Agency Bramhall",Bathing and personal hygiene assistance · Help with dressing and grooming · Toilet assistance and continence care · Mobility support and transfer ...,,,2025-06-11T15:56:54.222297,google.co.uk,GB,en,desktop
Mobility Support Care in Cheadle hulme,18,https://www.visiting-angels.co.uk/manchestersouth/elderly-care-handforth/,"Elderly Care Handforth, Elderly Care Service Agency Handforth","Our Handforth home care services include personal care, companionship, household help, medication support, and mobility assistance. ... Parts of ...",,,2025-06-11T15:56:54.222297,google.co.uk,GB,en,desktop
Home Care Services in Bramhall,9,https://www.visiting-angels.co.uk/manchestersouth/homecare-in-bramhall/,"Homecare Services in Bramhall, UK - Visiting Angels","Welcome to Visiting Angels Manchester South, a provider of premium-quality home care centered around carers in Bramhall.",,,2025-06-11T15:56:55.773785,google.co.uk,GB,en,desktop
Home Care Services in Bramhall,18,https://www.visiting-angels.co.uk/manchestersouth/elderly-care-bramhall/,"Elderly Care Bramhall, Elderly Care Service Agency Bramhall",We provide exceptional elderly care services in Bramhall that help older adults live independently in their own homes. Our CQC registered care ...,,,2025-06-11T15:56:55.773785,google.co.uk,GB,en,desktop
Elderly Care in Bramhall,13,https://www.visiting-angels.co.uk/manchestersouth/elderly-care-bramhall/,"Elderly Care Bramhall, Elderly Care Service Agency Bramhall","The home care services we offer in Bramhall include personal care, companionship, household help, medication support, and mobility assistance.",,,2025-06-11T15:56:57.357168,google.co.uk,GB,en,desktop
Elderly Care in Bramhall,25,https://www.visiting-angels.co.uk/manchestersouth/homecare-in-bramhall/,"Homecare Services in Bramhall, UK - Visiting Angels","Need trusted homecare services in Bramhall, UK? We provide personalised, high-quality care for the elderly & vulnerable in the comfort of ...",,,2025-06-11T15:56:57.357168,google.co.uk,GB,en,desktop
Respite Care in Bramhall,32,https://www.visiting-angels.co.uk/manchestersouth/homecare-in-bramhall/,"Homecare Services in Bramhall, UK - Visiting Angels","Welcome to Visiting Angels Manchester South, a provider of premium-quality home care centered around carers in Bramhall.",,,2025-06-11T15:56:59.217583,google.co.uk,GB,en,desktop
Caregiver Support in Bramhall,1,https://www.visiting-angels.co.uk/manchestersouth/homecare-in-bramhall/,"Homecare Services in Bramhall, UK - Visiting Angels","Welcome to Visiting Angels Manchester South, a provider of premium-quality home care centered around carers in Bramhall.",,,2025-06-11T15:57:00.753576,google.co.uk,GB,en,desktop
Caregiver Support in Bramhall,10,https://www.visiting-angels.co.uk/manchestersouth/elderly-care-bramhall/,"Elderly Care Bramhall, Elderly Care Service Agency Bramhall","The home care services we offer in Bramhall include personal care, companionship, household help, medication support, and mobility assistance.",,,2025-06-11T15:57:00.753576,google.co.uk,GB,en,desktop
Senior Independence Care in Bramhall,17,https://www.visiting-angels.co.uk/manchestersouth/homecare-in-bramhall/,"Homecare Services in Bramhall, UK - Visiting Angels","Welcome to Visiting Angels Manchester South, a provider of premium-quality home care centered around carers in Bramhall.",,,2025-06-11T15:57:02.388936,google.co.uk,GB,en,desktop
Personal Care Assistant in Bramhall,,,,,,,2025-06-11T15:57:03.338791,google.co.uk,GB,en,desktop
Elderly Home Care in Bramhall,5,https://www.visiting-angels.co.uk/manchestersouth/homecare-in-bramhall/,"Homecare Services in Bramhall, UK - Visiting Angels","Need trusted homecare services in Bramhall, UK? We provide personalised, high-quality care for the elderly & vulnerable in the comfort of ...",,,2025-06-11T15:57:04.714526,google.co.uk,GB,en,desktop
Elderly Home Care in Bramhall,14,https://www.visiting-angels.co.uk/manchestersouth/elderly-care-bramhall/,"Elderly Care Bramhall, Elderly Care Service Agency Bramhall","The home care services we offer in Bramhall include personal care, companionship, household help, medication support, and mobility assistance.",,,2025-06-11T15:57:04.714526,google.co.uk,GB,en,desktop
Dementia Care in Bramhall,31,https://www.visiting-angels.co.uk/manchestersouth/homecare-in-bramhall/,"Homecare Services in Bramhall, UK - Visiting Angels","Welcome to Visiting Angels Manchester South, a provider of premium-quality home care centered around carers in Bramhall.",,,2025-06-11T15:57:05.947942,google.co.uk,GB,en,desktop
Sheltered Housing in Bramhall,,,,,,,2025-06-11T15:57:06.855628,google.co.uk,GB,en,desktop
Assisted Living in Bramhall,50,https://www.visiting-angels.co.uk/manchestersouth/homecare-in-bramhall/,"Homecare Services in Bramhall, UK - Visiting Angels","Welcome to Visiting Angels Manchester South, a provider of premium-quality home care centered around carers in Bramhall.",,,2025-06-11T15:57:08.480886,google.co.uk,GB,en,desktop
Quality Senior Care in Bramhall,3,https://www.visiting-angels.co.uk/manchestersouth/homecare-in-bramhall/,"Homecare Services in Bramhall, UK - Visiting Angels","Welcome to Visiting Angels Manchester South, a provider of premium-quality home care centered around carers in Bramhall.",,,2025-06-11T15:57:09.397546,google.co.uk,GB,en,desktop
Home Care Consultation in Bramhall,3,https://www.visiting-angels.co.uk/manchestersouth/homecare-in-bramhall/,"Homecare Services in Bramhall, UK - Visiting Angels","Welcome to Visiting Angels Manchester South, a provider of premium-quality home care centered around carers in Bramhall.",,,2025-06-11T15:57:13.029379,google.co.uk,GB,en,desktop
Home Care Consultation in Bramhall,17,https://www.visiting-angels.co.uk/manchestersouth/elderly-care-bramhall/,"Elderly Care Bramhall, Elderly Care Service Agency Bramhall","The home care services we offer in Bramhall include personal care, companionship, household help, medication support, and mobility assistance.",,,2025-06-11T15:57:13.029379,google.co.uk,GB,en,desktop
Trusted Home Care Provider in Bramhall,4,https://www.visiting-angels.co.uk/manchestersouth/homecare-in-bramhall/,"Homecare Services in Bramhall, UK - Visiting Angels","Welcome to Visiting Angels Manchester South, a provider of premium-quality home care centered around carers in Bramhall.",,,2025-06-11T15:57:14.051435,google.co.uk,GB,en,desktop
Trusted Home Care Provider in Bramhall,33,https://www.visiting-angels.co.uk/manchestersouth/,HomeCare Service Manchester South | Visiting Angels,"Your Trusted Choice for Homecare in Manchester South. Covering Cheadle, Bramhall, Stockport, Wythenshawe, Didsbury, Chorlton cum Hardy ...",,,2025-06-11T15:57:14.051435,google.co.uk,GB,en,desktop
Alzheimer's Care in Bramhall,,,,,,,2025-06-11T15:57:15.366809,google.co.uk,GB,en,desktop
Compassionate Caregivers in Bramhall,14,https://www.visiting-angels.co.uk/manchestersouth/elderly-care-bramhall/,"Elderly Care Bramhall, Elderly Care Service Agency Bramhall","The home care services we offer in Bramhall include personal care, companionship, household help, medication support, and mobility assistance.",,,2025-06-11T15:57:20.164122,google.co.uk,GB,en,desktop
Elderly Companionship in Bramhall,2,https://www.visiting-angels.co.uk/manchestersouth/elderly-care-bramhall/,"Elderly Care Bramhall, Elderly Care Service Agency Bramhall","The home care services we offer in Bramhall include personal care, companionship, household help, medication support, and mobility assistance.",,,2025-06-11T15:57:21.942354,google.co.uk,GB,en,desktop
Elderly Companionship in Bramhall,10,https://www.visiting-angels.co.uk/manchestersouth/homecare-in-bramhall/,"Homecare Services in Bramhall, UK - Visiting Angels","Need trusted homecare services in Bramhall, UK? We provide personalised, high-quality care for the elderly & vulnerable in the comfort of their",,,2025-06-11T15:57:21.942354,google.co.uk,GB,en,desktop
End-of-life Care in Bramhall,,,,,,,2025-06-11T15:57:23.034233,google.co.uk,GB,en,desktop
Fall Prevention Care in Bramhall,,,,,,,2025-06-11T15:57:23.933063,google.co.uk,GB,en,desktop
Mobility Support Care in Bramhall,1,https://www.visiting-angels.co.uk/manchestersouth/elderly-care-bramhall/,"Elderly Care Bramhall, Elderly Care Service Agency Bramhall","The home care services we offer in Bramhall include personal care, companionship, household help, medication support, and mobility assistance.",,,2025-06-11T15:57:25.662753,google.co.uk,GB,en,desktop
Mobility Support Care in Bramhall,22,https://www.visiting-angels.co.uk/manchestersouth/elderly-care-stockport/,"Elderly Care Stockport, Elderly Care Service Agency Stockport",Toilet and continence care; Mobility support and fall prevention; Medication management and reminders; Skin care and pressure sore prevention.,,,2025-06-11T15:57:25.662753,google.co.uk,GB,en,desktop
Home Care Services in Poynton,13,https://www.visiting-angels.co.uk/manchestersouth/home-care-poynton/,"Home care in Poynton, Homecare Service Agency Poynton","Our homecare service Poynton includes daily help and medical support. We offer domiciliary care Poynton, personal care Poynton, and companion ...",,,2025-06-11T15:57:26.746733,google.co.uk,GB,en,desktop
Home Care Services in Poynton,19,https://www.visiting-angels.co.uk/manchestersouth/elderly-care-poynton/,"Elderly Care Poynton, Elderly Care Service Agency Poynton","The home care services we offer in Poynton include help with daily tasks, personal care, and companionship. Our carers help with washing, ...",,,2025-06-11T15:57:26.746733,google.co.uk,GB,en,desktop
Elderly Care in Poynton,16,https://www.visiting-angels.co.uk/manchestersouth/home-care-poynton/,"Home care in Poynton, Homecare Service Agency Poynton",Visiting Angels is a trusted home care agency in Poynton. We are a CQC registered care Poynton provider. The Care Quality Commission (CQC) ...,,,2025-06-11T15:57:28.217620,google.co.uk,GB,en,desktop
Elderly Care in Poynton,23,https://www.visiting-angels.co.uk/manchestersouth/elderly-care-poynton/,"Elderly Care Poynton, Elderly Care Service Agency Poynton","We provide top-quality elderly care services in Poynton for older adults who want to stay in their own homes. Our team delivers personal care, ...",,,2025-06-11T15:57:28.217620,google.co.uk,GB,en,desktop
Respite Care in Poynton,,,,,,,2025-06-11T15:57:29.084582,google.co.uk,GB,en,desktop
Caregiver Support in Poynton,5,https://www.visiting-angels.co.uk/manchestersouth/home-care-poynton/,"Home care in Poynton, Homecare Service Agency Poynton",We are a CQC registered care Poynton provider. The Care Quality Commission (CQC) regulates us for quality. Our caregivers deliver the best home ...,,,2025-06-11T15:57:31.138551,google.co.uk,GB,en,desktop
Caregiver Support in Poynton,27,https://www.visiting-angels.co.uk/manchestersouth/elderly-care-poynton/,"Elderly Care Poynton, Elderly Care Service Agency Poynton","Our team delivers personal care, companionship, and support that helps seniors keep their independence. As a CQC registered care provider, we ...",,,2025-06-11T15:57:31.138551,google.co.uk,GB,en,desktop
Senior Independence Care in Poynton,2,https://www.visiting-angels.co.uk/manchestersouth/elderly-care-poynton/,"Elderly Care Poynton, Elderly Care Service Agency Poynton","We provide top-quality elderly care services in Poynton for older adults who want to stay in their own homes. Our team delivers personal care, ...",,,2025-06-11T15:57:32.289924,google.co.uk,GB,en,desktop
Senior Independence Care in Poynton,21,https://www.visiting-angels.co.uk/manchestersouth/home-care-poynton/,"Home care in Poynton, Homecare Service Agency Poynton",We provide home care for elderly Poynton residents. Seniors get help with daily tasks through home care for seniors Poynton. Dementia Care ...,,,2025-06-11T15:57:32.289924,google.co.uk,GB,en,desktop
Personal Care Assistant in Poynton,,,,,,,2025-06-11T15:57:33.320251,google.co.uk,GB,en,desktop
Elderly Home Care in Poynton,6,https://www.visiting-angels.co.uk/manchestersouth/home-care-poynton/,"Home care in Poynton, Homecare Service Agency Poynton",We provide home care for elderly Poynton residents. Seniors get help with daily tasks through home care for seniors Poynton. Dementia Care ...,,,2025-06-11T15:57:34.966331,google.co.uk,GB,en,desktop
Elderly Home Care in Poynton,14,https://www.visiting-angels.co.uk/manchestersouth/elderly-care-poynton/,"Elderly Care Poynton, Elderly Care Service Agency Poynton","We provide top-quality elderly care services in Poynton for older adults who want to stay in their own homes. Our team delivers personal care, ...",,,2025-06-11T15:57:34.966331,google.co.uk,GB,en,desktop
Dementia Care in Poynton,18,https://www.visiting-angels.co.uk/manchestersouth/home-care-poynton/,"Home care in Poynton, Homecare Service Agency Poynton",We provide home care for elderly Poynton residents. Seniors get help with daily tasks through home care for seniors Poynton. Dementia Care ...,,,2025-06-11T15:57:39.614382,google.co.uk,GB,en,desktop
Sheltered Housing in Poynton,,,,,,,2025-06-11T15:57:41.533741,google.co.uk,GB,en,desktop
Assisted Living in Poynton,42,https://www.visiting-angels.co.uk/manchestersouth/home-care-poynton/,"Home care in Poynton, Homecare Service Agency Poynton",Visiting Angels is a trusted home care agency in Poynton. We are a CQC registered care Poynton provider. The Care Quality Commission (CQC) ...,,,2025-06-11T15:57:43.590975,google.co.uk,GB,en,desktop
Assisted Living in Poynton,62,https://www.visiting-angels.co.uk/manchestersouth/elderly-care-poynton/,"Elderly Care Poynton, Elderly Care Service Agency Poynton","We provide top-quality elderly care services in Poynton for older adults who want to stay in their own homes. Our team delivers personal care, ...",,,2025-06-11T15:57:43.590975,google.co.uk,GB,en,desktop
Quality Senior Care in Poynton,2,https://www.visiting-angels.co.uk/manchestersouth/elderly-care-poynton/,"Elderly Care Poynton, Elderly Care Service Agency Poynton","We provide top-quality elderly care services in Poynton for older adults who want to stay in their own homes. Our team delivers personal care, ...",,,2025-06-11T15:57:45.119621,google.co.uk,GB,en,desktop
Quality Senior Care in Poynton,13,https://www.visiting-angels.co.uk/manchestersouth/home-care-poynton/,"Home care in Poynton, Homecare Service Agency Poynton",Visiting Angels is a trusted home care agency in Poynton. We are a CQC registered care Poynton provider. The Care Quality Commission (CQC) ...,,,2025-06-11T15:57:45.119621,google.co.uk,GB,en,desktop
Home Care Consultation in Poynton,6,https://www.visiting-angels.co.uk/manchestersouth/home-care-poynton/,"Home care in Poynton, Homecare Service Agency Poynton","Our homecare service Poynton includes daily help and medical support. We offer domiciliary care Poynton, personal care Poynton, and companion ...",,,2025-06-11T15:57:47.029178,google.co.uk,GB,en,desktop
Home Care Consultation in Poynton,15,https://www.visiting-angels.co.uk/manchestersouth/elderly-care-poynton/,"Elderly Care Poynton, Elderly Care Service Agency Poynton",Families in Poynton choose our home care services ... We provide free consultations for all Poynton families interested in home care services.,,,2025-06-11T15:57:47.029178,google.co.uk,GB,en,desktop
Trusted Home Care Provider in Poynton,2,https://www.visiting-angels.co.uk/manchestersouth/home-care-poynton/,"Home care in Poynton, Homecare Service Agency Poynton",Visiting Angels is a trusted home care agency in Poynton. We are a CQC registered care Poynton provider. The Care Quality Commission (CQC) ...,,,2025-06-11T15:57:48.154791,google.co.uk,GB,en,desktop
Trusted Home Care Provider in Poynton,18,https://www.visiting-angels.co.uk/manchestersouth/elderly-care-poynton/,"Elderly Care Poynton, Elderly Care Service Agency Poynton","We provide top-quality elderly care services in Poynton for older adults who want to stay in their own homes. Our team delivers personal care, ...",,,2025-06-11T15:57:48.154791,google.co.uk,GB,en,desktop
Alzheimer's Care in Poynton,16,https://www.visiting-angels.co.uk/manchestersouth/home-care-poynton/,"Home care in Poynton, Homecare Service Agency Poynton",Our Alzheimer's home care Poynton and Parkinson's home care Poynton address unique needs. Why Choose Our Home Care Agency in Poynton?,,,2025-06-11T15:57:52.787795,google.co.uk,GB,en,desktop
Compassionate Caregivers in Poynton,8,https://www.visiting-angels.co.uk/manchestersouth/elderly-care-poynton/,"Elderly Care Poynton, Elderly Care Service Agency Poynton","The home care services we offer in Poynton include help with daily tasks, personal care, and companionship. Our carers help with washing, ...",,,2025-06-11T15:57:54.022198,google.co.uk,GB,en,desktop
Elderly Companionship in Poynton,2,https://www.visiting-angels.co.uk/manchestersouth/elderly-care-poynton/,"Elderly Care Poynton, Elderly Care Service Agency Poynton","The home care services we offer in Poynton include help with daily tasks, personal care, and companionship. Our carers help with washing, ...",,,2025-06-11T15:57:55.400319,google.co.uk,GB,en,desktop
Elderly Companionship in Poynton,9,https://www.visiting-angels.co.uk/manchestersouth/home-care-poynton/,"Home care in Poynton, Homecare Service Agency Poynton",We provide home care for elderly Poynton residents. Seniors get help with daily tasks through home care for seniors Poynton. Dementia Care ...,,,2025-06-11T15:57:55.400319,google.co.uk,GB,en,desktop
End-of-life Care in Poynton,6,https://www.visiting-angels.co.uk/manchestersouth/home-care-poynton/,"Home care in Poynton, Homecare Service Agency Poynton",Palliative care Poynton focuses on comfort for end-of-life needs. We offer cancer care at home Poynton and similar support. Live-in Care Poynton.,,,2025-06-11T15:57:56.510970,google.co.uk,GB,en,desktop
Fall Prevention Care in Poynton,13,https://www.visiting-angels.co.uk/manchestersouth/elderly-care-poynton/,"Elderly Care Poynton, Elderly Care Service Agency Poynton",Help with dressing and grooming; Toilet and continence care; Mobility support and fall prevention; Medication reminders; Meal preparation and ...,,,2025-06-11T15:57:57.381188,google.co.uk,GB,en,desktop
Mobility Support Care in Poynton,1,https://www.visiting-angels.co.uk/manchestersouth/home-care-poynton/,"Home care in Poynton, Homecare Service Agency Poynton","Services cover meal preparation, medication help, and mobility support ... We offer learning disability home care Poynton and mental health home ...",,,2025-06-11T15:57:58.669182,google.co.uk,GB,en,desktop
Mobility Support Care in Poynton,20,https://www.visiting-angels.co.uk/manchestersouth/elderly-care-poynton/,"Elderly Care Poynton, Elderly Care Service Agency Poynton",Toilet and continence care; Mobility support and fall prevention; Medication reminders; Meal preparation and feeding help. These services allow ...,,,2025-06-11T15:57:58.669182,google.co.uk,GB,en,desktop
Home Care Services in Didsbury,9,https://www.visiting-angels.co.uk/manchestersouth/homecare-in-didsbury/,"Home Care Didsbury, Domiciliary Care Service Agency ...","As a leading home care agency Didsbury, we offer a comprehensive range of home care services, professional domiciliary care didsbury to meet the diverse needs ...",,,2025-06-11T15:58:02.362665,google.co.uk,GB,en,desktop
Home Care Services in Didsbury,33,https://www.visiting-angels.co.uk/manchestersouth/home-care-withington/,"Home Care Withington, Homecare Service Agency Withington",Visiting Angels delivers excellent home care services in Withington. Our team provides personalized support for seniors and adults with care ...,,,2025-06-11T15:58:02.362665,google.co.uk,GB,en,desktop
Elderly Care in Didsbury,20,https://www.visiting-angels.co.uk/manchestersouth/homecare-in-didsbury/,"Home Care Didsbury, Domiciliary Care Service Agency ...","As a leading home care agency Didsbury, we offer a comprehensive range of home care services, professional domiciliary care didsbury to meet the diverse needs ...",,,2025-06-11T15:58:07.969867,google.co.uk,GB,en,desktop
Elderly Care in Didsbury,57,https://www.visiting-angels.co.uk/manchestersouth/home-care-withington/,"Home Care Withington, Homecare Service Agency Withington",Visiting Angels delivers excellent home care services in Withington. Our team provides personalized support for seniors and adults with care ...,,,2025-06-11T15:58:07.969867,google.co.uk,GB,en,desktop
Respite Care in Didsbury,35,https://www.visiting-angels.co.uk/manchestersouth/homecare-in-didsbury/,"Home Care Didsbury, Domiciliary Care Service Agency ...","Range of Support: Personal, Companion, Respite & Specialist Care. As a leading home care agency Didsbury, we offer a comprehensive range of home care services, ...",,,2025-06-11T15:58:10.040301,google.co.uk,GB,en,desktop
Caregiver Support in Didsbury,3,https://www.visiting-angels.co.uk/manchestersouth/homecare-in-didsbury/,"Home Care Didsbury, Domiciliary Care Service Agency ...","Range of Support: Personal, Companion, Respite & Specialist Care. As a leading home care agency Didsbury, we offer a comprehensive range of home care services, ...",,,2025-06-11T15:58:13.185650,google.co.uk,GB,en,desktop
Caregiver Support in Didsbury,64,https://www.visiting-angels.co.uk/manchestersouth/home-care-withington/,"Home Care Withington, Homecare Service Agency Withington",Families across Withington trust our home care staff to deliver dependable support. Each caregiver undergoes thorough training and background ...,,,2025-06-11T15:58:13.185650,google.co.uk,GB,en,desktop
Senior Independence Care in Didsbury,3,https://www.visiting-angels.co.uk/manchestersouth/homecare-in-didsbury/,"Home Care Didsbury, Domiciliary Care Service Agency ...","With our team of skilled and compassionate Didsbury caregivers, we are dedicated to assisting your loved ones in maintaining their independence while receiving ...",,,2025-06-11T15:58:14.779334,google.co.uk,GB,en,desktop
Senior Independence Care in Didsbury,14,https://www.visiting-angels.co.uk/manchestersouth/home-care-withington/,"Home Care Withington, Homecare Service Agency Withington",We provide dedicated elderly care in Withington that supports senior independence. Services include: ... Each care plan focuses on the specific ...,,,2025-06-11T15:58:14.779334,google.co.uk,GB,en,desktop
Personal Care Assistant in Didsbury,,,,,,,2025-06-11T15:58:16.537155,google.co.uk,GB,en,desktop
Elderly Home Care in Didsbury,15,https://www.visiting-angels.co.uk/manchestersouth/homecare-in-didsbury/,"Home Care Didsbury, Domiciliary Care Service Agency ...","Skilled Proficiency: Our Didsbury caregivers possess extensive training and expertise in delivering a diverse array of home care services, including elderly ...",,,2025-06-11T15:58:18.074506,google.co.uk,GB,en,desktop
Elderly Home Care in Didsbury,44,https://www.visiting-angels.co.uk/manchestersouth/home-care-withington/,"Home Care Withington, Homecare Service Agency Withington",Visiting Angels delivers excellent home care services in Withington. Our team provides personalized support for seniors and adults with care ...,,,2025-06-11T15:58:18.074506,google.co.uk,GB,en,desktop
Dementia Care in Didsbury,,,,,,,2025-06-11T15:58:19.834126,google.co.uk,GB,en,desktop
Sheltered Housing in Didsbury,,,,,,,2025-06-11T15:58:21.376718,google.co.uk,GB,en,desktop
Assisted Living in Didsbury,43,https://www.visiting-angels.co.uk/manchestersouth/homecare-in-didsbury/,"Home Care Didsbury, Domiciliary Care Service Agency ...","With our team of skilled and compassionate Didsbury caregivers, we are dedicated to assisting your loved ones in maintaining their independence while receiving ...",,,2025-06-11T15:58:23.604808,google.co.uk,GB,en,desktop
Quality Senior Care in Didsbury,15,https://www.visiting-angels.co.uk/manchestersouth/homecare-in-didsbury/,"Home Care Didsbury, Domiciliary Care Service Agency ...","Quality Assurance: As a CQC registered provider, we consistently evaluate and appraise our home care services to uphold the highest standards for home care ...",,,2025-06-11T15:58:25.171308,google.co.uk,GB,en,desktop
Quality Senior Care in Didsbury,44,https://www.visiting-angels.co.uk/manchestersouth/home-care-withington/,"Home Care Withington, Homecare Service Agency Withington",Visiting Angels is fully registered with the Care Quality Commission. Our Withington home care service meets strict quality standards.,,,2025-06-11T15:58:25.171308,google.co.uk,GB,en,desktop
Home Care Consultation in Didsbury,5,https://www.visiting-angels.co.uk/manchestersouth/homecare-in-didsbury/,"Home Care Didsbury, Domiciliary Care Service Agency ...","As a leading home care agency Didsbury, we offer a comprehensive range of home care services, professional domiciliary care didsbury to meet the diverse needs ...",,,2025-06-11T15:58:27.331271,google.co.uk,GB,en,desktop
Trusted Home Care Provider in Didsbury,7,https://www.visiting-angels.co.uk/manchestersouth/homecare-in-didsbury/,"Home Care Didsbury, Domiciliary Care Service Agency ...","As a leading home care agency Didsbury, we offer a comprehensive range of home care services, professional domiciliary care didsbury to meet the diverse needs ...",,,2025-06-11T15:58:29.300189,google.co.uk,GB,en,desktop
Trusted Home Care Provider in Didsbury,13,https://www.visiting-angels.co.uk/manchestersouth/home-care-withington/,"Home Care Withington, Homecare Service Agency Withington",Professional Home Care Withington | Trusted Local Service ... Visiting Angels delivers excellent home care services in Withington. Our team ...,,,2025-06-11T15:58:29.300189,google.co.uk,GB,en,desktop
Alzheimer's Care in Didsbury,,,,,,,2025-06-11T15:58:30.891667,google.co.uk,GB,en,desktop
Compassionate Caregivers in Didsbury,1,https://www.visiting-angels.co.uk/manchestersouth/homecare-in-didsbury/,"Home Care Didsbury, Domiciliary Care Service Agency ...","Reliable Didsbury Caregivers: Our caregivers undergo meticulous selection, comprehensive screening (including reference and DBS checks), and continuous training ...",,,2025-06-11T15:58:32.381003,google.co.uk,GB,en,desktop
Compassionate Caregivers in Didsbury,52,https://www.visiting-angels.co.uk/manchestersouth/,HomeCare Service Manchester South | Visiting Angels,"Covering Cheadle, Bramhall, Stockport, Wythenshawe, Didsbury, Chorlton cum Hardy and Gatley. ... Everyone deserves the comfort of home care from someone they can ...",,,2025-06-11T15:58:32.381003,google.co.uk,GB,en,desktop
Elderly Companionship in Didsbury,,,,,,,2025-06-11T15:58:33.432239,google.co.uk,GB,en,desktop
End-of-life Care in Didsbury,,,,,,,2025-06-11T15:58:34.883214,google.co.uk,GB,en,desktop
Fall Prevention Care in Didsbury,,,,,,,2025-06-11T15:58:36.038831,google.co.uk,GB,en,desktop
Mobility Support Care in Didsbury,85,https://www.visiting-angels.co.uk/manchestersouth/home-care-heaton-mersey/,Heaton Mersey home care services - Visiting Angels,Bathing and showering support · Dressing and grooming assistance · Personal hygiene maintenance · Toilet needs and continence care · Mobility ...,,,2025-06-11T15:58:37.529367,google.co.uk,GB,en,desktop
